Model,Animation,Best K,Feature,F-score
Naive Bayes (80/20),VB_SL_LIT,40,f64,28.8051
Naive Bayes (80/20),VB_SL_LIT,40,f45,28.6221
Naive Bayes (80/20),VB_SL_LIT,40,f44,28.5992
Naive Bayes (80/20),VB_SL_LIT,40,f65,28.4257
Naive Bayes (80/20),VB_SL_LIT,40,f46,28.1271
Naive Bayes (80/20),VB_SL_LIT,40,f36,19.8663
Naive Bayes (80/20),VB_SL_LIT,40,f35,19.3881
Naive Bayes (80/20),VB_SL_LIT,40,f34,19.3207
Naive Bayes (80/20),VB_SL_LIT,40,f58,12.9177
Naive Bayes (80/20),VB_SL_LIT,40,f33,12.4788
Naive Bayes (80/20),VB_SL_LIT,40,f67,11.277
Naive Bayes (80/20),VB_SL_LIT,40,f69,11.2372
Naive Bayes (80/20),VB_SL_LIT,40,f71,11.216
Naive Bayes (80/20),VB_SL_LIT,40,f60,10.2859
Naive Bayes (80/20),VB_SL_LIT,40,f55,9.9204
Naive Bayes (80/20),VB_SL_LIT,40,f82,9.9204
Naive Bayes (80/20),VB_SL_LIT,40,f54,9.6854
Naive Bayes (80/20),VB_SL_LIT,40,f56,9.0529
Naive Bayes (80/20),VB_SL_LIT,40,f23,8.3612
Naive Bayes (80/20),VB_SL_LIT,40,f3,7.9064
Naive Bayes (80/20),VB_SL_LIT,40,f4,7.8521
Naive Bayes (80/20),VB_SL_LIT,40,f57,7.3816
Naive Bayes (80/20),VB_SL_LIT,40,f25,7.2232
Naive Bayes (80/20),VB_SL_LIT,40,f66,6.9011
Naive Bayes (80/20),VB_SL_LIT,40,f9,6.9001
Naive Bayes (80/20),VB_SL_LIT,40,f80,6.6965
Naive Bayes (80/20),VB_SL_LIT,40,f52,6.5977
Naive Bayes (80/20),VB_SL_LIT,40,f78,6.5753
Naive Bayes (80/20),VB_SL_LIT,40,f39,6.5629
Naive Bayes (80/20),VB_SL_LIT,40,f5,6.4846
Naive Bayes (80/20),VB_SL_LIT,40,f24,6.1674
Naive Bayes (80/20),VB_SL_LIT,40,f63,6.1226
Naive Bayes (80/20),VB_SL_LIT,40,f43,5.9953
Naive Bayes (80/20),VB_SL_LIT,40,f0,5.9901
Naive Bayes (80/20),VB_SL_LIT,40,f7,5.871
Naive Bayes (80/20),VB_SL_LIT,40,f14,5.8581
Naive Bayes (80/20),VB_SL_LIT,40,f77,5.6934
Naive Bayes (80/20),VB_SL_LIT,40,f15,5.2685
Naive Bayes (80/20),VB_SL_LIT,40,f48,4.9658
Naive Bayes (80/20),VB_SL_LIT,40,f47,4.9111
Naive Bayes (S1+S2 vs S3),VB_SL_LIT,50,f65,26.5347
Naive Bayes (S1+S2 vs S3),VB_SL_LIT,50,f64,25.3235
Naive Bayes (S1+S2 vs S3),VB_SL_LIT,50,f44,20.046
Naive Bayes (S1+S2 vs S3),VB_SL_LIT,50,f45,19.9219
Naive Bayes (S1+S2 vs S3),VB_SL_LIT,50,f46,19.8794
Naive Bayes (S1+S2 vs S3),VB_SL_LIT,50,f36,14.3447
Naive Bayes (S1+S2 vs S3),VB_SL_LIT,50,f34,13.8621
Naive Bayes (S1+S2 vs S3),VB_SL_LIT,50,f35,13.8427
Naive Bayes (S1+S2 vs S3),VB_SL_LIT,50,f58,10.9857
Naive Bayes (S1+S2 vs S3),VB_SL_LIT,50,f33,10.8849
Naive Bayes (S1+S2 vs S3),VB_SL_LIT,50,f60,9.1019
Naive Bayes (S1+S2 vs S3),VB_SL_LIT,50,f82,8.7784
Naive Bayes (S1+S2 vs S3),VB_SL_LIT,50,f55,8.4813
Naive Bayes (S1+S2 vs S3),VB_SL_LIT,50,f54,8.3948
Naive Bayes (S1+S2 vs S3),VB_SL_LIT,50,f56,8.3076
Naive Bayes (S1+S2 vs S3),VB_SL_LIT,50,f39,7.7602
Naive Bayes (S1+S2 vs S3),VB_SL_LIT,50,f67,7.6559
Naive Bayes (S1+S2 vs S3),VB_SL_LIT,50,f23,7.4839
Naive Bayes (S1+S2 vs S3),VB_SL_LIT,50,f71,7.2209
Naive Bayes (S1+S2 vs S3),VB_SL_LIT,50,f9,6.5367
Naive Bayes (S1+S2 vs S3),VB_SL_LIT,50,f4,6.3482
Naive Bayes (S1+S2 vs S3),VB_SL_LIT,50,f3,6.3262
Naive Bayes (S1+S2 vs S3),VB_SL_LIT,50,f69,6.2081
Naive Bayes (S1+S2 vs S3),VB_SL_LIT,50,f52,5.8839
Naive Bayes (S1+S2 vs S3),VB_SL_LIT,50,f14,5.7261
Naive Bayes (S1+S2 vs S3),VB_SL_LIT,50,f57,5.6984
Naive Bayes (S1+S2 vs S3),VB_SL_LIT,50,f63,5.684
Naive Bayes (S1+S2 vs S3),VB_SL_LIT,50,f80,5.6592
Naive Bayes (S1+S2 vs S3),VB_SL_LIT,50,f66,5.519
Naive Bayes (S1+S2 vs S3),VB_SL_LIT,50,f5,5.337
Naive Bayes (S1+S2 vs S3),VB_SL_LIT,50,f25,5.2777
Naive Bayes (S1+S2 vs S3),VB_SL_LIT,50,f78,5.2708
Naive Bayes (S1+S2 vs S3),VB_SL_LIT,50,f15,5.2032
Naive Bayes (S1+S2 vs S3),VB_SL_LIT,50,f24,5.1185
Naive Bayes (S1+S2 vs S3),VB_SL_LIT,50,f18,5.0921
Naive Bayes (S1+S2 vs S3),VB_SL_LIT,50,f77,4.9861
Naive Bayes (S1+S2 vs S3),VB_SL_LIT,50,f7,4.9726
Naive Bayes (S1+S2 vs S3),VB_SL_LIT,50,f0,4.9465
Naive Bayes (S1+S2 vs S3),VB_SL_LIT,50,f75,4.7877
Naive Bayes (S1+S2 vs S3),VB_SL_LIT,50,f43,4.6691
Naive Bayes (S1+S2 vs S3),VB_SL_LIT,50,f20,4.5617
Naive Bayes (S1+S2 vs S3),VB_SL_LIT,50,f47,4.3948
Naive Bayes (S1+S2 vs S3),VB_SL_LIT,50,f13,4.299
Naive Bayes (S1+S2 vs S3),VB_SL_LIT,50,f49,4.2464
Naive Bayes (S1+S2 vs S3),VB_SL_LIT,50,f31,3.9696
Naive Bayes (S1+S2 vs S3),VB_SL_LIT,50,f72,3.9686
Naive Bayes (S1+S2 vs S3),VB_SL_LIT,50,f76,3.8238
Naive Bayes (S1+S2 vs S3),VB_SL_LIT,50,f37,3.8051
Naive Bayes (S1+S2 vs S3),VB_SL_LIT,50,f41,3.7463
Naive Bayes (S1+S2 vs S3),VB_SL_LIT,50,f73,3.7347
Naive Bayes (80/20),HS_SL_LIT,40,f45,34.0294
Naive Bayes (80/20),HS_SL_LIT,40,f44,33.7153
Naive Bayes (80/20),HS_SL_LIT,40,f46,31.2958
Naive Bayes (80/20),HS_SL_LIT,40,f35,29.6184
Naive Bayes (80/20),HS_SL_LIT,40,f34,29.4762
Naive Bayes (80/20),HS_SL_LIT,40,f36,28.6169
Naive Bayes (80/20),HS_SL_LIT,40,f33,19.6285
Naive Bayes (80/20),HS_SL_LIT,40,f64,17.9817
Naive Bayes (80/20),HS_SL_LIT,40,f65,17.4731
Naive Bayes (80/20),HS_SL_LIT,40,f55,14.5628
Naive Bayes (80/20),HS_SL_LIT,40,f56,14.5187
Naive Bayes (80/20),HS_SL_LIT,40,f71,14.3779
Naive Bayes (80/20),HS_SL_LIT,40,f54,13.6744
Naive Bayes (80/20),HS_SL_LIT,40,f52,10.2021
Naive Bayes (80/20),HS_SL_LIT,40,f63,8.0437
Naive Bayes (80/20),HS_SL_LIT,40,f53,7.3895
Naive Bayes (80/20),HS_SL_LIT,40,f43,6.9576
Naive Bayes (80/20),HS_SL_LIT,40,f4,6.837
Naive Bayes (80/20),HS_SL_LIT,40,f3,6.7469
Naive Bayes (80/20),HS_SL_LIT,40,f57,6.4266
Naive Bayes (80/20),HS_SL_LIT,40,f0,6.4074
Naive Bayes (80/20),HS_SL_LIT,40,f77,6.3162
Naive Bayes (80/20),HS_SL_LIT,40,f82,5.9542
Naive Bayes (80/20),HS_SL_LIT,40,f80,5.9276
Naive Bayes (80/20),HS_SL_LIT,40,f79,5.6878
Naive Bayes (80/20),HS_SL_LIT,40,f81,5.6821
Naive Bayes (80/20),HS_SL_LIT,40,f78,5.6636
Naive Bayes (80/20),HS_SL_LIT,40,f24,5.5212
Naive Bayes (80/20),HS_SL_LIT,40,f6,5.3185
Naive Bayes (80/20),HS_SL_LIT,40,f39,5.1584
Naive Bayes (80/20),HS_SL_LIT,40,f5,5.0454
Naive Bayes (80/20),HS_SL_LIT,40,f14,5.0039
Naive Bayes (80/20),HS_SL_LIT,40,f58,4.8234
Naive Bayes (80/20),HS_SL_LIT,40,f23,4.7841
Naive Bayes (80/20),HS_SL_LIT,40,f66,4.7784
Naive Bayes (80/20),HS_SL_LIT,40,f60,4.638
Naive Bayes (80/20),HS_SL_LIT,40,f25,4.4608
Naive Bayes (80/20),HS_SL_LIT,40,f68,4.3063
Naive Bayes (80/20),HS_SL_LIT,40,f27,4.2181
Naive Bayes (80/20),HS_SL_LIT,40,f15,4.1494
Naive Bayes (S1+S2 vs S3),HS_SL_LIT,20,f44,24.6744
Naive Bayes (S1+S2 vs S3),HS_SL_LIT,20,f45,24.1957
Naive Bayes (S1+S2 vs S3),HS_SL_LIT,20,f46,23.9717
Naive Bayes (S1+S2 vs S3),HS_SL_LIT,20,f43,22.3617
Naive Bayes (S1+S2 vs S3),HS_SL_LIT,20,f36,20.948
Naive Bayes (S1+S2 vs S3),HS_SL_LIT,20,f34,20.5647
Naive Bayes (S1+S2 vs S3),HS_SL_LIT,20,f35,20.2173
Naive Bayes (S1+S2 vs S3),HS_SL_LIT,20,f64,17.4325
Naive Bayes (S1+S2 vs S3),HS_SL_LIT,20,f65,17.4058
Naive Bayes (S1+S2 vs S3),HS_SL_LIT,20,f33,13.5552
Naive Bayes (S1+S2 vs S3),HS_SL_LIT,20,f56,13.4442
Naive Bayes (S1+S2 vs S3),HS_SL_LIT,20,f55,12.8151
Naive Bayes (S1+S2 vs S3),HS_SL_LIT,20,f71,11.4443
Naive Bayes (S1+S2 vs S3),HS_SL_LIT,20,f62,10.8805
Naive Bayes (S1+S2 vs S3),HS_SL_LIT,20,f54,10.8355
Naive Bayes (S1+S2 vs S3),HS_SL_LIT,20,f52,10.0432
Naive Bayes (S1+S2 vs S3),HS_SL_LIT,20,f63,7.2705
Naive Bayes (S1+S2 vs S3),HS_SL_LIT,20,f68,6.4598
Naive Bayes (S1+S2 vs S3),HS_SL_LIT,20,f53,6.4279
Naive Bayes (S1+S2 vs S3),HS_SL_LIT,20,f0,6.1519
Naive Bayes (80/20),VB_SL_BIG,40,f36,36.2587
Naive Bayes (80/20),VB_SL_BIG,40,f34,35.0535
Naive Bayes (80/20),VB_SL_BIG,40,f46,34.9865
Naive Bayes (80/20),VB_SL_BIG,40,f44,34.891
Naive Bayes (80/20),VB_SL_BIG,40,f45,34.5558
Naive Bayes (80/20),VB_SL_BIG,40,f35,34.4418
Naive Bayes (80/20),VB_SL_BIG,40,f43,29.8754
Naive Bayes (80/20),VB_SL_BIG,40,f64,26.41
Naive Bayes (80/20),VB_SL_BIG,40,f65,26.3024
Naive Bayes (80/20),VB_SL_BIG,40,f78,20.4771
Naive Bayes (80/20),VB_SL_BIG,40,f77,19.3456
Naive Bayes (80/20),VB_SL_BIG,40,f56,19.3344
Naive Bayes (80/20),VB_SL_BIG,40,f55,19.1884
Naive Bayes (80/20),VB_SL_BIG,40,f54,19.0146
Naive Bayes (80/20),VB_SL_BIG,40,f71,14.3051
Naive Bayes (80/20),VB_SL_BIG,40,f31,13.9075
Naive Bayes (80/20),VB_SL_BIG,40,f60,13.6134
Naive Bayes (80/20),VB_SL_BIG,40,f58,13.1659
Naive Bayes (80/20),VB_SL_BIG,40,f69,11.2314
Naive Bayes (80/20),VB_SL_BIG,40,f66,11.1945
Naive Bayes (80/20),VB_SL_BIG,40,f67,11.059
Naive Bayes (80/20),VB_SL_BIG,40,f62,10.9035
Naive Bayes (80/20),VB_SL_BIG,40,f82,10.418
Naive Bayes (80/20),VB_SL_BIG,40,f80,10.0351
Naive Bayes (80/20),VB_SL_BIG,40,f13,9.5373
Naive Bayes (80/20),VB_SL_BIG,40,f52,9.4427
Naive Bayes (80/20),VB_SL_BIG,40,f0,9.0366
Naive Bayes (80/20),VB_SL_BIG,40,f4,8.954
Naive Bayes (80/20),VB_SL_BIG,40,f5,8.6532
Naive Bayes (80/20),VB_SL_BIG,40,f14,8.6431
Naive Bayes (80/20),VB_SL_BIG,40,f3,8.4995
Naive Bayes (80/20),VB_SL_BIG,40,f57,8.3166
Naive Bayes (80/20),VB_SL_BIG,40,f18,7.3548
Naive Bayes (80/20),VB_SL_BIG,40,f9,7.2735
Naive Bayes (80/20),VB_SL_BIG,40,f48,7.1189
Naive Bayes (80/20),VB_SL_BIG,40,f20,7.0416
Naive Bayes (80/20),VB_SL_BIG,40,f39,6.963
Naive Bayes (80/20),VB_SL_BIG,40,f38,6.9393
Naive Bayes (80/20),VB_SL_BIG,40,f40,6.5616
Naive Bayes (80/20),VB_SL_BIG,40,f49,6.2985
Naive Bayes (S1+S2 vs S3),VB_SL_BIG,40,f36,25.8128
Naive Bayes (S1+S2 vs S3),VB_SL_BIG,40,f34,25.6925
Naive Bayes (S1+S2 vs S3),VB_SL_BIG,40,f35,25.2985
Naive Bayes (S1+S2 vs S3),VB_SL_BIG,40,f44,24.634
Naive Bayes (S1+S2 vs S3),VB_SL_BIG,40,f45,24.5663
Naive Bayes (S1+S2 vs S3),VB_SL_BIG,40,f46,24.3809
Naive Bayes (S1+S2 vs S3),VB_SL_BIG,40,f43,22.2286
Naive Bayes (S1+S2 vs S3),VB_SL_BIG,40,f33,21.6996
Naive Bayes (S1+S2 vs S3),VB_SL_BIG,40,f64,21.1162
Naive Bayes (S1+S2 vs S3),VB_SL_BIG,40,f65,21.0553
Naive Bayes (S1+S2 vs S3),VB_SL_BIG,40,f78,18.221
Naive Bayes (S1+S2 vs S3),VB_SL_BIG,40,f77,16.3063
Naive Bayes (S1+S2 vs S3),VB_SL_BIG,40,f56,16.094
Naive Bayes (S1+S2 vs S3),VB_SL_BIG,40,f54,15.6216
Naive Bayes (S1+S2 vs S3),VB_SL_BIG,40,f55,15.5903
Naive Bayes (S1+S2 vs S3),VB_SL_BIG,40,f57,12.8145
Naive Bayes (S1+S2 vs S3),VB_SL_BIG,40,f60,11.5197
Naive Bayes (S1+S2 vs S3),VB_SL_BIG,40,f58,11.361
Naive Bayes (S1+S2 vs S3),VB_SL_BIG,40,f31,11.1943
Naive Bayes (S1+S2 vs S3),VB_SL_BIG,40,f71,10.4189
Naive Bayes (S1+S2 vs S3),VB_SL_BIG,40,f62,10.0557
Naive Bayes (S1+S2 vs S3),VB_SL_BIG,40,f66,9.7651
Naive Bayes (S1+S2 vs S3),VB_SL_BIG,40,f80,9.6946
Naive Bayes (S1+S2 vs S3),VB_SL_BIG,40,f18,8.4491
Naive Bayes (S1+S2 vs S3),VB_SL_BIG,40,f13,8.3099
Naive Bayes (S1+S2 vs S3),VB_SL_BIG,40,f82,8.1927
Naive Bayes (S1+S2 vs S3),VB_SL_BIG,40,f67,7.9169
Naive Bayes (S1+S2 vs S3),VB_SL_BIG,40,f69,7.7998
Naive Bayes (S1+S2 vs S3),VB_SL_BIG,40,f52,7.7496
Naive Bayes (S1+S2 vs S3),VB_SL_BIG,40,f14,7.6952
Naive Bayes (S1+S2 vs S3),VB_SL_BIG,40,f0,7.6708
Naive Bayes (S1+S2 vs S3),VB_SL_BIG,40,f20,7.6369
Naive Bayes (S1+S2 vs S3),VB_SL_BIG,40,f4,7.0211
Naive Bayes (S1+S2 vs S3),VB_SL_BIG,40,f39,6.743
Naive Bayes (S1+S2 vs S3),VB_SL_BIG,40,f5,6.6103
Naive Bayes (S1+S2 vs S3),VB_SL_BIG,40,f3,6.5284
Naive Bayes (S1+S2 vs S3),VB_SL_BIG,40,f9,6.4956
Naive Bayes (S1+S2 vs S3),VB_SL_BIG,40,f81,6.2477
Naive Bayes (S1+S2 vs S3),VB_SL_BIG,40,f15,6.1945
Naive Bayes (S1+S2 vs S3),VB_SL_BIG,40,f7,5.7574
Naive Bayes (80/20),HS_SL_BIG,30,f44,29.8379
Naive Bayes (80/20),HS_SL_BIG,30,f46,29.1303
Naive Bayes (80/20),HS_SL_BIG,30,f45,29.0486
Naive Bayes (80/20),HS_SL_BIG,30,f34,27.7925
Naive Bayes (80/20),HS_SL_BIG,30,f35,26.6933
Naive Bayes (80/20),HS_SL_BIG,30,f36,24.877
Naive Bayes (80/20),HS_SL_BIG,30,f43,23.3389
Naive Bayes (80/20),HS_SL_BIG,30,f64,20.6237
Naive Bayes (80/20),HS_SL_BIG,30,f65,20.394
Naive Bayes (80/20),HS_SL_BIG,30,f33,16.6463
Naive Bayes (80/20),HS_SL_BIG,30,f56,15.4973
Naive Bayes (80/20),HS_SL_BIG,30,f71,15.4662
Naive Bayes (80/20),HS_SL_BIG,30,f55,14.4648
Naive Bayes (80/20),HS_SL_BIG,30,f54,13.4147
Naive Bayes (80/20),HS_SL_BIG,30,f63,9.129
Naive Bayes (80/20),HS_SL_BIG,30,f53,9.003
Naive Bayes (80/20),HS_SL_BIG,30,f0,8.1486
Naive Bayes (80/20),HS_SL_BIG,30,f52,7.8945
Naive Bayes (80/20),HS_SL_BIG,30,f62,7.8737
Naive Bayes (80/20),HS_SL_BIG,30,f80,7.831
Naive Bayes (80/20),HS_SL_BIG,30,f81,7.4234
Naive Bayes (80/20),HS_SL_BIG,30,f39,7.4162
Naive Bayes (80/20),HS_SL_BIG,30,f82,7.0605
Naive Bayes (80/20),HS_SL_BIG,30,f68,6.7455
Naive Bayes (80/20),HS_SL_BIG,30,f79,6.7116
Naive Bayes (80/20),HS_SL_BIG,30,f41,6.4055
Naive Bayes (80/20),HS_SL_BIG,30,f57,6.3162
Naive Bayes (80/20),HS_SL_BIG,30,f49,5.3835
Naive Bayes (80/20),HS_SL_BIG,30,f3,5.2959
Naive Bayes (80/20),HS_SL_BIG,30,f58,5.2658
Naive Bayes (S1+S2 vs S3),HS_SL_BIG,40,f44,21.941
Naive Bayes (S1+S2 vs S3),HS_SL_BIG,40,f34,21.8787
Naive Bayes (S1+S2 vs S3),HS_SL_BIG,40,f46,21.8469
Naive Bayes (S1+S2 vs S3),HS_SL_BIG,40,f35,21.7725
Naive Bayes (S1+S2 vs S3),HS_SL_BIG,40,f45,21.4633
Naive Bayes (S1+S2 vs S3),HS_SL_BIG,40,f36,21.4326
Naive Bayes (S1+S2 vs S3),HS_SL_BIG,40,f43,19.1507
Naive Bayes (S1+S2 vs S3),HS_SL_BIG,40,f64,16.5573
Naive Bayes (S1+S2 vs S3),HS_SL_BIG,40,f65,16.1892
Naive Bayes (S1+S2 vs S3),HS_SL_BIG,40,f56,12.3516
Naive Bayes (S1+S2 vs S3),HS_SL_BIG,40,f33,11.9358
Naive Bayes (S1+S2 vs S3),HS_SL_BIG,40,f55,11.706
Naive Bayes (S1+S2 vs S3),HS_SL_BIG,40,f71,11.4194
Naive Bayes (S1+S2 vs S3),HS_SL_BIG,40,f54,10.5697
Naive Bayes (S1+S2 vs S3),HS_SL_BIG,40,f62,9.5109
Naive Bayes (S1+S2 vs S3),HS_SL_BIG,40,f52,8.0232
Naive Bayes (S1+S2 vs S3),HS_SL_BIG,40,f0,7.0558
Naive Bayes (S1+S2 vs S3),HS_SL_BIG,40,f53,6.8003
Naive Bayes (S1+S2 vs S3),HS_SL_BIG,40,f39,6.6819
Naive Bayes (S1+S2 vs S3),HS_SL_BIG,40,f80,6.6814
Naive Bayes (S1+S2 vs S3),HS_SL_BIG,40,f63,6.6495
Naive Bayes (S1+S2 vs S3),HS_SL_BIG,40,f81,6.5608
Naive Bayes (S1+S2 vs S3),HS_SL_BIG,40,f57,6.3494
Naive Bayes (S1+S2 vs S3),HS_SL_BIG,40,f4,6.3243
Naive Bayes (S1+S2 vs S3),HS_SL_BIG,40,f82,5.947
Naive Bayes (S1+S2 vs S3),HS_SL_BIG,40,f79,5.9248
Naive Bayes (S1+S2 vs S3),HS_SL_BIG,40,f27,5.5516
Naive Bayes (S1+S2 vs S3),HS_SL_BIG,40,f29,5.5219
Naive Bayes (S1+S2 vs S3),HS_SL_BIG,40,f5,5.4656
Naive Bayes (S1+S2 vs S3),HS_SL_BIG,40,f68,5.3869
Naive Bayes (S1+S2 vs S3),HS_SL_BIG,40,f3,5.2973
Naive Bayes (S1+S2 vs S3),HS_SL_BIG,40,f78,5.2586
Naive Bayes (S1+S2 vs S3),HS_SL_BIG,40,f66,5.1161
Naive Bayes (S1+S2 vs S3),HS_SL_BIG,40,f25,5.0664
Naive Bayes (S1+S2 vs S3),HS_SL_BIG,40,f14,5.0112
Naive Bayes (S1+S2 vs S3),HS_SL_BIG,40,f77,4.902
Naive Bayes (S1+S2 vs S3),HS_SL_BIG,40,f49,4.8655
Naive Bayes (S1+S2 vs S3),HS_SL_BIG,40,f24,4.8632
Naive Bayes (S1+S2 vs S3),HS_SL_BIG,40,f15,4.8492
Naive Bayes (S1+S2 vs S3),HS_SL_BIG,40,f23,4.7775
Naive Bayes (80/20),VB_FA_LIT,50,f67,47.7626
Naive Bayes (80/20),VB_FA_LIT,50,f69,46.9148
Naive Bayes (80/20),VB_FA_LIT,50,f44,38.5421
Naive Bayes (80/20),VB_FA_LIT,50,f45,38.3937
Naive Bayes (80/20),VB_FA_LIT,50,f46,38.143
Naive Bayes (80/20),VB_FA_LIT,50,f34,32.1474
Naive Bayes (80/20),VB_FA_LIT,50,f35,31.4928
Naive Bayes (80/20),VB_FA_LIT,50,f43,30.6025
Naive Bayes (80/20),VB_FA_LIT,50,f36,29.1537
Naive Bayes (80/20),VB_FA_LIT,50,f58,27.4212
Naive Bayes (80/20),VB_FA_LIT,50,f60,26.8606
Naive Bayes (80/20),VB_FA_LIT,50,f33,26.6005
Naive Bayes (80/20),VB_FA_LIT,50,f64,26.2234
Naive Bayes (80/20),VB_FA_LIT,50,f65,25.5446
Naive Bayes (80/20),VB_FA_LIT,50,f55,20.1817
Naive Bayes (80/20),VB_FA_LIT,50,f54,19.6754
Naive Bayes (80/20),VB_FA_LIT,50,f56,19.5264
Naive Bayes (80/20),VB_FA_LIT,50,f78,16.4579
Naive Bayes (80/20),VB_FA_LIT,50,f77,14.7095
Naive Bayes (80/20),VB_FA_LIT,50,f66,13.1656
Naive Bayes (80/20),VB_FA_LIT,50,f82,13.0115
Naive Bayes (80/20),VB_FA_LIT,50,f3,12.2474
Naive Bayes (80/20),VB_FA_LIT,50,f4,12.1008
Naive Bayes (80/20),VB_FA_LIT,50,f38,11.5152
Naive Bayes (80/20),VB_FA_LIT,50,f0,10.9465
Naive Bayes (80/20),VB_FA_LIT,50,f5,10.1055
Naive Bayes (80/20),VB_FA_LIT,50,f14,9.8982
Naive Bayes (80/20),VB_FA_LIT,50,f62,8.9827
Naive Bayes (80/20),VB_FA_LIT,50,f40,8.7871
Naive Bayes (80/20),VB_FA_LIT,50,f15,8.5741
Naive Bayes (80/20),VB_FA_LIT,50,f52,8.4841
Naive Bayes (80/20),VB_FA_LIT,50,f71,8.45
Naive Bayes (80/20),VB_FA_LIT,50,f23,8.4275
Naive Bayes (80/20),VB_FA_LIT,50,f47,8.3624
Naive Bayes (80/20),VB_FA_LIT,50,f80,8.1903
Naive Bayes (80/20),VB_FA_LIT,50,f18,8.0667
Naive Bayes (80/20),VB_FA_LIT,50,f37,8.0569
Naive Bayes (80/20),VB_FA_LIT,50,f25,7.9647
Naive Bayes (80/20),VB_FA_LIT,50,f20,7.7254
Naive Bayes (80/20),VB_FA_LIT,50,f17,7.5577
Naive Bayes (80/20),VB_FA_LIT,50,f19,7.3023
Naive Bayes (80/20),VB_FA_LIT,50,f7,7.2515
Naive Bayes (80/20),VB_FA_LIT,50,f50,7.1174
Naive Bayes (80/20),VB_FA_LIT,50,f81,7.02
Naive Bayes (80/20),VB_FA_LIT,50,f31,6.9708
Naive Bayes (80/20),VB_FA_LIT,50,f29,6.9131
Naive Bayes (80/20),VB_FA_LIT,50,f24,6.6472
Naive Bayes (80/20),VB_FA_LIT,50,f48,6.5678
Naive Bayes (80/20),VB_FA_LIT,50,f9,6.5673
Naive Bayes (80/20),VB_FA_LIT,50,f27,6.1072
Naive Bayes (S1+S2 vs S3),VB_FA_LIT,60,f67,52.5483
Naive Bayes (S1+S2 vs S3),VB_FA_LIT,60,f69,50.2158
Naive Bayes (S1+S2 vs S3),VB_FA_LIT,60,f58,26.643
Naive Bayes (S1+S2 vs S3),VB_FA_LIT,60,f46,25.104
Naive Bayes (S1+S2 vs S3),VB_FA_LIT,60,f44,24.9036
Naive Bayes (S1+S2 vs S3),VB_FA_LIT,60,f60,24.1363
Naive Bayes (S1+S2 vs S3),VB_FA_LIT,60,f45,24.0694
Naive Bayes (S1+S2 vs S3),VB_FA_LIT,60,f34,22.5926
Naive Bayes (S1+S2 vs S3),VB_FA_LIT,60,f35,22.2084
Naive Bayes (S1+S2 vs S3),VB_FA_LIT,60,f43,20.2666
Naive Bayes (S1+S2 vs S3),VB_FA_LIT,60,f64,20.1304
Naive Bayes (S1+S2 vs S3),VB_FA_LIT,60,f36,19.9892
Naive Bayes (S1+S2 vs S3),VB_FA_LIT,60,f65,18.914
Naive Bayes (S1+S2 vs S3),VB_FA_LIT,60,f33,18.4982
Naive Bayes (S1+S2 vs S3),VB_FA_LIT,60,f55,16.193
Naive Bayes (S1+S2 vs S3),VB_FA_LIT,60,f54,15.8361
Naive Bayes (S1+S2 vs S3),VB_FA_LIT,60,f56,15.1294
Naive Bayes (S1+S2 vs S3),VB_FA_LIT,60,f82,12.2633
Naive Bayes (S1+S2 vs S3),VB_FA_LIT,60,f78,11.9663
Naive Bayes (S1+S2 vs S3),VB_FA_LIT,60,f66,11.0748
Naive Bayes (S1+S2 vs S3),VB_FA_LIT,60,f77,9.9433
Naive Bayes (S1+S2 vs S3),VB_FA_LIT,60,f14,9.4826
Naive Bayes (S1+S2 vs S3),VB_FA_LIT,60,f38,9.4523
Naive Bayes (S1+S2 vs S3),VB_FA_LIT,60,f62,9.0257
Naive Bayes (S1+S2 vs S3),VB_FA_LIT,60,f0,8.8528
Naive Bayes (S1+S2 vs S3),VB_FA_LIT,60,f15,8.7367
Naive Bayes (S1+S2 vs S3),VB_FA_LIT,60,f52,8.5906
Naive Bayes (S1+S2 vs S3),VB_FA_LIT,60,f17,8.29
Naive Bayes (S1+S2 vs S3),VB_FA_LIT,60,f3,7.8046
Naive Bayes (S1+S2 vs S3),VB_FA_LIT,60,f19,7.5981
Naive Bayes (S1+S2 vs S3),VB_FA_LIT,60,f4,7.2427
Naive Bayes (S1+S2 vs S3),VB_FA_LIT,60,f23,7.1705
Naive Bayes (S1+S2 vs S3),VB_FA_LIT,60,f40,7.134
Naive Bayes (S1+S2 vs S3),VB_FA_LIT,60,f29,6.9401
Naive Bayes (S1+S2 vs S3),VB_FA_LIT,60,f18,6.7223
Naive Bayes (S1+S2 vs S3),VB_FA_LIT,60,f7,6.6308
Naive Bayes (S1+S2 vs S3),VB_FA_LIT,60,f24,6.3215
Naive Bayes (S1+S2 vs S3),VB_FA_LIT,60,f48,6.1428
Naive Bayes (S1+S2 vs S3),VB_FA_LIT,60,f5,6.0142
Naive Bayes (S1+S2 vs S3),VB_FA_LIT,60,f27,5.9823
Naive Bayes (S1+S2 vs S3),VB_FA_LIT,60,f80,5.9464
Naive Bayes (S1+S2 vs S3),VB_FA_LIT,60,f20,5.9119
Naive Bayes (S1+S2 vs S3),VB_FA_LIT,60,f25,5.9018
Naive Bayes (S1+S2 vs S3),VB_FA_LIT,60,f37,5.7869
Naive Bayes (S1+S2 vs S3),VB_FA_LIT,60,f81,5.3128
Naive Bayes (S1+S2 vs S3),VB_FA_LIT,60,f71,5.1023
Naive Bayes (S1+S2 vs S3),VB_FA_LIT,60,f9,5.101
Naive Bayes (S1+S2 vs S3),VB_FA_LIT,60,f31,5.0501
Naive Bayes (S1+S2 vs S3),VB_FA_LIT,60,f79,4.8272
Naive Bayes (S1+S2 vs S3),VB_FA_LIT,60,f47,4.1867
Naive Bayes (S1+S2 vs S3),VB_FA_LIT,60,f50,4.1528
Naive Bayes (S1+S2 vs S3),VB_FA_LIT,60,f39,3.9191
Naive Bayes (S1+S2 vs S3),VB_FA_LIT,60,f63,3.8847
Naive Bayes (S1+S2 vs S3),VB_FA_LIT,60,f13,3.8294
Naive Bayes (S1+S2 vs S3),VB_FA_LIT,60,f32,3.8044
Naive Bayes (S1+S2 vs S3),VB_FA_LIT,60,f42,3.4424
Naive Bayes (S1+S2 vs S3),VB_FA_LIT,60,f74,3.3172
Naive Bayes (S1+S2 vs S3),VB_FA_LIT,60,f72,3.2269
Naive Bayes (S1+S2 vs S3),VB_FA_LIT,60,f26,3.0145
Naive Bayes (S1+S2 vs S3),VB_FA_LIT,60,f73,2.9775
Naive Bayes (80/20),HS_FA_LIT,30,f46,36.6183
Naive Bayes (80/20),HS_FA_LIT,30,f44,35.376
Naive Bayes (80/20),HS_FA_LIT,30,f34,34.893
Naive Bayes (80/20),HS_FA_LIT,30,f36,34.8891
Naive Bayes (80/20),HS_FA_LIT,30,f45,34.7998
Naive Bayes (80/20),HS_FA_LIT,30,f35,34.5389
Naive Bayes (80/20),HS_FA_LIT,30,f43,29.895
Naive Bayes (80/20),HS_FA_LIT,30,f33,28.8227
Naive Bayes (80/20),HS_FA_LIT,30,f64,21.6261
Naive Bayes (80/20),HS_FA_LIT,30,f65,21.4862
Naive Bayes (80/20),HS_FA_LIT,30,f55,17.703
Naive Bayes (80/20),HS_FA_LIT,30,f56,17.6721
Naive Bayes (80/20),HS_FA_LIT,30,f54,16.5503
Naive Bayes (80/20),HS_FA_LIT,30,f71,12.2066
Naive Bayes (80/20),HS_FA_LIT,30,f82,11.0305
Naive Bayes (80/20),HS_FA_LIT,30,f63,9.1807
Naive Bayes (80/20),HS_FA_LIT,30,f15,8.8482
Naive Bayes (80/20),HS_FA_LIT,30,f0,8.8186
Naive Bayes (80/20),HS_FA_LIT,30,f60,8.7285
Naive Bayes (80/20),HS_FA_LIT,30,f81,8.5538
Naive Bayes (80/20),HS_FA_LIT,30,f58,8.4965
Naive Bayes (80/20),HS_FA_LIT,30,f53,8.1727
Naive Bayes (80/20),HS_FA_LIT,30,f62,7.8776
Naive Bayes (80/20),HS_FA_LIT,30,f5,7.7271
Naive Bayes (80/20),HS_FA_LIT,30,f80,7.6595
Naive Bayes (80/20),HS_FA_LIT,30,f4,7.5709
Naive Bayes (80/20),HS_FA_LIT,30,f14,7.3464
Naive Bayes (80/20),HS_FA_LIT,30,f25,7.2421
Naive Bayes (80/20),HS_FA_LIT,30,f3,7.0807
Naive Bayes (80/20),HS_FA_LIT,30,f23,7.0695
Naive Bayes (S1+S2 vs S3),HS_FA_LIT,20,f46,27.0647
Naive Bayes (S1+S2 vs S3),HS_FA_LIT,20,f44,25.7632
Naive Bayes (S1+S2 vs S3),HS_FA_LIT,20,f45,25.3643
Naive Bayes (S1+S2 vs S3),HS_FA_LIT,20,f36,25.1968
Naive Bayes (S1+S2 vs S3),HS_FA_LIT,20,f34,25.1656
Naive Bayes (S1+S2 vs S3),HS_FA_LIT,20,f35,24.9358
Naive Bayes (S1+S2 vs S3),HS_FA_LIT,20,f33,21.5032
Naive Bayes (S1+S2 vs S3),HS_FA_LIT,20,f43,21.2004
Naive Bayes (S1+S2 vs S3),HS_FA_LIT,20,f65,17.5042
Naive Bayes (S1+S2 vs S3),HS_FA_LIT,20,f64,17.106
Naive Bayes (S1+S2 vs S3),HS_FA_LIT,20,f56,14.6286
Naive Bayes (S1+S2 vs S3),HS_FA_LIT,20,f55,14.1606
Naive Bayes (S1+S2 vs S3),HS_FA_LIT,20,f54,13.1036
Naive Bayes (S1+S2 vs S3),HS_FA_LIT,20,f71,8.3395
Naive Bayes (S1+S2 vs S3),HS_FA_LIT,20,f62,7.1473
Naive Bayes (S1+S2 vs S3),HS_FA_LIT,20,f82,6.9489
Naive Bayes (S1+S2 vs S3),HS_FA_LIT,20,f53,6.4674
Naive Bayes (S1+S2 vs S3),HS_FA_LIT,20,f63,6.4368
Naive Bayes (S1+S2 vs S3),HS_FA_LIT,20,f15,6.0123
Naive Bayes (S1+S2 vs S3),HS_FA_LIT,20,f58,5.9664
Naive Bayes (80/20),VB_FA_BIG,60,f43,31.3906
Naive Bayes (80/20),VB_FA_BIG,60,f44,29.4794
Naive Bayes (80/20),VB_FA_BIG,60,f45,29.1627
Naive Bayes (80/20),VB_FA_BIG,60,f46,27.3364
Naive Bayes (80/20),VB_FA_BIG,60,f34,25.5405
Naive Bayes (80/20),VB_FA_BIG,60,f33,25.1708
Naive Bayes (80/20),VB_FA_BIG,60,f35,25.1563
Naive Bayes (80/20),VB_FA_BIG,60,f36,24.6493
Naive Bayes (80/20),VB_FA_BIG,60,f64,23.2653
Naive Bayes (80/20),VB_FA_BIG,60,f65,23.1017
Naive Bayes (80/20),VB_FA_BIG,60,f77,19.5807
Naive Bayes (80/20),VB_FA_BIG,60,f55,18.6656
Naive Bayes (80/20),VB_FA_BIG,60,f54,18.3741
Naive Bayes (80/20),VB_FA_BIG,60,f56,18.3664
Naive Bayes (80/20),VB_FA_BIG,60,f78,17.1916
Naive Bayes (80/20),VB_FA_BIG,60,f14,14.14
Naive Bayes (80/20),VB_FA_BIG,60,f15,13.0342
Naive Bayes (80/20),VB_FA_BIG,60,f66,12.2189
Naive Bayes (80/20),VB_FA_BIG,60,f82,11.239
Naive Bayes (80/20),VB_FA_BIG,60,f17,11.2326
Naive Bayes (80/20),VB_FA_BIG,60,f62,11.2148
Naive Bayes (80/20),VB_FA_BIG,60,f69,11.0165
Naive Bayes (80/20),VB_FA_BIG,60,f71,10.9853
Naive Bayes (80/20),VB_FA_BIG,60,f19,10.0945
Naive Bayes (80/20),VB_FA_BIG,60,f52,9.8312
Naive Bayes (80/20),VB_FA_BIG,60,f31,9.7631
Naive Bayes (80/20),VB_FA_BIG,60,f67,9.5889
Naive Bayes (80/20),VB_FA_BIG,60,f63,8.3245
Naive Bayes (80/20),VB_FA_BIG,60,f37,8.0813
Naive Bayes (80/20),VB_FA_BIG,60,f47,8.052
Naive Bayes (80/20),VB_FA_BIG,60,f60,7.9076
Naive Bayes (80/20),VB_FA_BIG,60,f3,7.7909
Naive Bayes (80/20),VB_FA_BIG,60,f50,7.7045
Naive Bayes (80/20),VB_FA_BIG,60,f48,7.6627
Naive Bayes (80/20),VB_FA_BIG,60,f0,7.5206
Naive Bayes (80/20),VB_FA_BIG,60,f13,7.3309
Naive Bayes (80/20),VB_FA_BIG,60,f58,7.2959
Naive Bayes (80/20),VB_FA_BIG,60,f4,7.2477
Naive Bayes (80/20),VB_FA_BIG,60,f18,7.0353
Naive Bayes (80/20),VB_FA_BIG,60,f40,6.8465
Naive Bayes (80/20),VB_FA_BIG,60,f9,6.8302
Naive Bayes (80/20),VB_FA_BIG,60,f7,6.4173
Naive Bayes (80/20),VB_FA_BIG,60,f38,6.2505
Naive Bayes (80/20),VB_FA_BIG,60,f5,6.078
Naive Bayes (80/20),VB_FA_BIG,60,f57,5.9331
Naive Bayes (80/20),VB_FA_BIG,60,f79,5.7428
Naive Bayes (80/20),VB_FA_BIG,60,f68,5.5992
Naive Bayes (80/20),VB_FA_BIG,60,f81,5.3347
Naive Bayes (80/20),VB_FA_BIG,60,f76,5.3179
Naive Bayes (80/20),VB_FA_BIG,60,f80,5.3061
Naive Bayes (80/20),VB_FA_BIG,60,f49,5.2613
Naive Bayes (80/20),VB_FA_BIG,60,f29,4.883
Naive Bayes (80/20),VB_FA_BIG,60,f53,4.8683
Naive Bayes (80/20),VB_FA_BIG,60,f75,4.6528
Naive Bayes (80/20),VB_FA_BIG,60,f39,4.3991
Naive Bayes (80/20),VB_FA_BIG,60,f20,4.1327
Naive Bayes (80/20),VB_FA_BIG,60,f42,3.9253
Naive Bayes (80/20),VB_FA_BIG,60,f27,3.882
Naive Bayes (80/20),VB_FA_BIG,60,f24,3.8646
Naive Bayes (80/20),VB_FA_BIG,60,f51,3.7452
Naive Bayes (S1+S2 vs S3),VB_FA_BIG,60,f43,22.3186
Naive Bayes (S1+S2 vs S3),VB_FA_BIG,60,f44,21.4765
Naive Bayes (S1+S2 vs S3),VB_FA_BIG,60,f45,21.2046
Naive Bayes (S1+S2 vs S3),VB_FA_BIG,60,f77,20.43
Naive Bayes (S1+S2 vs S3),VB_FA_BIG,60,f46,20.254
Naive Bayes (S1+S2 vs S3),VB_FA_BIG,60,f78,19.3923
Naive Bayes (S1+S2 vs S3),VB_FA_BIG,60,f33,19.144
Naive Bayes (S1+S2 vs S3),VB_FA_BIG,60,f34,19.0931
Naive Bayes (S1+S2 vs S3),VB_FA_BIG,60,f35,18.8642
Naive Bayes (S1+S2 vs S3),VB_FA_BIG,60,f36,18.7444
Naive Bayes (S1+S2 vs S3),VB_FA_BIG,60,f64,18.6972
Naive Bayes (S1+S2 vs S3),VB_FA_BIG,60,f65,18.1319
Naive Bayes (S1+S2 vs S3),VB_FA_BIG,60,f55,15.3614
Naive Bayes (S1+S2 vs S3),VB_FA_BIG,60,f54,15.3043
Naive Bayes (S1+S2 vs S3),VB_FA_BIG,60,f56,14.6591
Naive Bayes (S1+S2 vs S3),VB_FA_BIG,60,f14,11.8054
Naive Bayes (S1+S2 vs S3),VB_FA_BIG,60,f66,11.1596
Naive Bayes (S1+S2 vs S3),VB_FA_BIG,60,f69,10.4614
Naive Bayes (S1+S2 vs S3),VB_FA_BIG,60,f31,9.9564
Naive Bayes (S1+S2 vs S3),VB_FA_BIG,60,f67,9.6387
Naive Bayes (S1+S2 vs S3),VB_FA_BIG,60,f17,9.1136
Naive Bayes (S1+S2 vs S3),VB_FA_BIG,60,f19,8.7786
Naive Bayes (S1+S2 vs S3),VB_FA_BIG,60,f13,8.757
Naive Bayes (S1+S2 vs S3),VB_FA_BIG,60,f62,8.395
Naive Bayes (S1+S2 vs S3),VB_FA_BIG,60,f15,8.2189
Naive Bayes (S1+S2 vs S3),VB_FA_BIG,60,f82,7.9765
Naive Bayes (S1+S2 vs S3),VB_FA_BIG,60,f63,7.6255
Naive Bayes (S1+S2 vs S3),VB_FA_BIG,60,f37,7.315
Naive Bayes (S1+S2 vs S3),VB_FA_BIG,60,f52,7.2261
Naive Bayes (S1+S2 vs S3),VB_FA_BIG,60,f47,7.1114
Naive Bayes (S1+S2 vs S3),VB_FA_BIG,60,f71,6.916
Naive Bayes (S1+S2 vs S3),VB_FA_BIG,60,f60,6.8622
Naive Bayes (S1+S2 vs S3),VB_FA_BIG,60,f57,6.7839
Naive Bayes (S1+S2 vs S3),VB_FA_BIG,60,f58,6.5115
Naive Bayes (S1+S2 vs S3),VB_FA_BIG,60,f18,6.3126
Naive Bayes (S1+S2 vs S3),VB_FA_BIG,60,f40,6.0765
Naive Bayes (S1+S2 vs S3),VB_FA_BIG,60,f68,5.8683
Naive Bayes (S1+S2 vs S3),VB_FA_BIG,60,f0,5.6485
Naive Bayes (S1+S2 vs S3),VB_FA_BIG,60,f38,5.6148
Naive Bayes (S1+S2 vs S3),VB_FA_BIG,60,f3,5.3348
Naive Bayes (S1+S2 vs S3),VB_FA_BIG,60,f50,5.325
Naive Bayes (S1+S2 vs S3),VB_FA_BIG,60,f53,5.231
Naive Bayes (S1+S2 vs S3),VB_FA_BIG,60,f48,5.1963
Naive Bayes (S1+S2 vs S3),VB_FA_BIG,60,f4,5.0066
Naive Bayes (S1+S2 vs S3),VB_FA_BIG,60,f9,4.7833
Naive Bayes (S1+S2 vs S3),VB_FA_BIG,60,f5,4.6378
Naive Bayes (S1+S2 vs S3),VB_FA_BIG,60,f80,4.5911
Naive Bayes (S1+S2 vs S3),VB_FA_BIG,60,f7,4.4414
Naive Bayes (S1+S2 vs S3),VB_FA_BIG,60,f76,4.362
Naive Bayes (S1+S2 vs S3),VB_FA_BIG,60,f79,4.3183
Naive Bayes (S1+S2 vs S3),VB_FA_BIG,60,f20,4.2591
Naive Bayes (S1+S2 vs S3),VB_FA_BIG,60,f49,3.9794
Naive Bayes (S1+S2 vs S3),VB_FA_BIG,60,f42,3.9094
Naive Bayes (S1+S2 vs S3),VB_FA_BIG,60,f81,3.8929
Naive Bayes (S1+S2 vs S3),VB_FA_BIG,60,f75,3.7954
Naive Bayes (S1+S2 vs S3),VB_FA_BIG,60,f39,3.7905
Naive Bayes (S1+S2 vs S3),VB_FA_BIG,60,f29,3.5079
Naive Bayes (S1+S2 vs S3),VB_FA_BIG,60,f72,3.3966
Naive Bayes (S1+S2 vs S3),VB_FA_BIG,60,f32,3.1474
Naive Bayes (S1+S2 vs S3),VB_FA_BIG,60,f24,2.9712
Naive Bayes (80/20),HS_FA_BIG,40,f35,33.5084
Naive Bayes (80/20),HS_FA_BIG,40,f34,33.3172
Naive Bayes (80/20),HS_FA_BIG,40,f46,32.419
Naive Bayes (80/20),HS_FA_BIG,40,f44,31.9075
Naive Bayes (80/20),HS_FA_BIG,40,f45,31.8595
Naive Bayes (80/20),HS_FA_BIG,40,f33,31.134
Naive Bayes (80/20),HS_FA_BIG,40,f36,31.1201
Naive Bayes (80/20),HS_FA_BIG,40,f43,28.1839
Naive Bayes (80/20),HS_FA_BIG,40,f64,21.1588
Naive Bayes (80/20),HS_FA_BIG,40,f65,20.9774
Naive Bayes (80/20),HS_FA_BIG,40,f56,16.4163
Naive Bayes (80/20),HS_FA_BIG,40,f71,16.0162
Naive Bayes (80/20),HS_FA_BIG,40,f55,15.6617
Naive Bayes (80/20),HS_FA_BIG,40,f54,15.6171
Naive Bayes (80/20),HS_FA_BIG,40,f81,11.1772
Naive Bayes (80/20),HS_FA_BIG,40,f25,11.0969
Naive Bayes (80/20),HS_FA_BIG,40,f0,10.5839
Naive Bayes (80/20),HS_FA_BIG,40,f24,9.6915
Naive Bayes (80/20),HS_FA_BIG,40,f4,9.2535
Naive Bayes (80/20),HS_FA_BIG,40,f23,9.0886
Naive Bayes (80/20),HS_FA_BIG,40,f3,8.9953
Naive Bayes (80/20),HS_FA_BIG,40,f79,8.6694
Naive Bayes (80/20),HS_FA_BIG,40,f5,8.6042
Naive Bayes (80/20),HS_FA_BIG,40,f15,8.3036
Naive Bayes (80/20),HS_FA_BIG,40,f14,8.1176
Naive Bayes (80/20),HS_FA_BIG,40,f77,7.9817
Naive Bayes (80/20),HS_FA_BIG,40,f82,7.925
Naive Bayes (80/20),HS_FA_BIG,40,f80,7.741
Naive Bayes (80/20),HS_FA_BIG,40,f74,7.5404
Naive Bayes (80/20),HS_FA_BIG,40,f78,7.4823
Naive Bayes (80/20),HS_FA_BIG,40,f67,7.4546
Naive Bayes (80/20),HS_FA_BIG,40,f52,7.0409
Naive Bayes (80/20),HS_FA_BIG,40,f72,6.9667
Naive Bayes (80/20),HS_FA_BIG,40,f58,6.8183
Naive Bayes (80/20),HS_FA_BIG,40,f63,6.6475
Naive Bayes (80/20),HS_FA_BIG,40,f29,6.538
Naive Bayes (80/20),HS_FA_BIG,40,f9,6.4773
Naive Bayes (80/20),HS_FA_BIG,40,f62,6.423
Naive Bayes (80/20),HS_FA_BIG,40,f39,6.2869
Naive Bayes (80/20),HS_FA_BIG,40,f49,6.2485
Naive Bayes (S1+S2 vs S3),HS_FA_BIG,40,f36,23.4592
Naive Bayes (S1+S2 vs S3),HS_FA_BIG,40,f34,23.3366
Naive Bayes (S1+S2 vs S3),HS_FA_BIG,40,f35,23.2259
Naive Bayes (S1+S2 vs S3),HS_FA_BIG,40,f46,22.4813
Naive Bayes (S1+S2 vs S3),HS_FA_BIG,40,f44,22.0242
Naive Bayes (S1+S2 vs S3),HS_FA_BIG,40,f45,21.9386
Naive Bayes (S1+S2 vs S3),HS_FA_BIG,40,f33,20.8791
Naive Bayes (S1+S2 vs S3),HS_FA_BIG,40,f43,18.8262
Naive Bayes (S1+S2 vs S3),HS_FA_BIG,40,f64,18.491
Naive Bayes (S1+S2 vs S3),HS_FA_BIG,40,f65,17.9699
Naive Bayes (S1+S2 vs S3),HS_FA_BIG,40,f56,16.3491
Naive Bayes (S1+S2 vs S3),HS_FA_BIG,40,f55,16.022
Naive Bayes (S1+S2 vs S3),HS_FA_BIG,40,f54,14.997
Naive Bayes (S1+S2 vs S3),HS_FA_BIG,40,f71,10.841
Naive Bayes (S1+S2 vs S3),HS_FA_BIG,40,f81,9.9018
Naive Bayes (S1+S2 vs S3),HS_FA_BIG,40,f25,9.5011
Naive Bayes (S1+S2 vs S3),HS_FA_BIG,40,f0,9.4417
Naive Bayes (S1+S2 vs S3),HS_FA_BIG,40,f15,8.5019
Naive Bayes (S1+S2 vs S3),HS_FA_BIG,40,f77,8.368
Naive Bayes (S1+S2 vs S3),HS_FA_BIG,40,f23,8.3326
Naive Bayes (S1+S2 vs S3),HS_FA_BIG,40,f78,8.2924
Naive Bayes (S1+S2 vs S3),HS_FA_BIG,40,f79,8.0049
Naive Bayes (S1+S2 vs S3),HS_FA_BIG,40,f4,7.7182
Naive Bayes (S1+S2 vs S3),HS_FA_BIG,40,f5,7.6932
Naive Bayes (S1+S2 vs S3),HS_FA_BIG,40,f14,7.6299
Naive Bayes (S1+S2 vs S3),HS_FA_BIG,40,f49,7.6036
Naive Bayes (S1+S2 vs S3),HS_FA_BIG,40,f3,7.4818
Naive Bayes (S1+S2 vs S3),HS_FA_BIG,40,f24,7.1334
Naive Bayes (S1+S2 vs S3),HS_FA_BIG,40,f82,7.0567
Naive Bayes (S1+S2 vs S3),HS_FA_BIG,40,f69,6.6255
Naive Bayes (S1+S2 vs S3),HS_FA_BIG,40,f39,6.5728
Naive Bayes (S1+S2 vs S3),HS_FA_BIG,40,f80,6.4406
Naive Bayes (S1+S2 vs S3),HS_FA_BIG,40,f31,6.4146
Naive Bayes (S1+S2 vs S3),HS_FA_BIG,40,f60,6.3175
Naive Bayes (S1+S2 vs S3),HS_FA_BIG,40,f74,6.2034
Naive Bayes (S1+S2 vs S3),HS_FA_BIG,40,f52,6.1854
Naive Bayes (S1+S2 vs S3),HS_FA_BIG,40,f63,6.0117
Naive Bayes (S1+S2 vs S3),HS_FA_BIG,40,f29,5.9241
Naive Bayes (S1+S2 vs S3),HS_FA_BIG,40,f62,5.893
Naive Bayes (S1+S2 vs S3),HS_FA_BIG,40,f67,5.8639
